merge, cause
c2213_a7b8e, problems_with_extraction
08b10_5f669, problems_with_extraction
a46de_ecba1, problems_with_extraction
3c02c_4e709, problems_with_extraction
73f8f_1f429, problems_with_extraction
1a0f0_7de8b, problems_with_extraction
3c424_799d0, problems_with_extraction
ec871_13fd2, problems_with_extraction
22fda_d152f, problems_with_extraction
399ca_abb17, problems_with_extraction
59131_86153, problems_with_extraction
009a1_48640, problems_with_extraction
b82d1_b690d, problems_with_extraction
4b89c_fd7d3, problems_with_extraction
39b47_caf91, problems_with_extraction
302c7_d9957, problems_with_extraction
23492_2a63c, problems_with_extraction
3c068_32c0c, problems_with_extraction
fba2f_9472d, problems_with_extraction
e2b37_b0b35, problems_with_extraction
96bc5_aff39, problems_with_extraction
ffa31_6e9d5, problems_with_extraction
